leg,sess,num,date,pub_date,published_date,notes
12,1,1,2011-06-21,2011-06-21,2011-06-22 / 18:30,DAR I Série n.º 013 (2011-09-01)
12,1,2,2011-06-22,2011-06-22,2011-06-22 / 18:30,DAR I Série n.º 013 (2011-09-01)
12,1,3,2011-07-01,2011-07-01,2011-07-07 / 11:30,DAR I Série n.º 013 (2011-09-01)
12,1,4,2011-07-02,2011-07-02,2011-07-07 / 16:00,DAR I Série n.º 034 (2011-10-22)
12,1,5,2011-07-21,2011-07-21,2011-07-22 / 18:00,DAR I Série n.º 034 (2011-10-22)
12,1,6,2011-07-22,2011-07-22,2011-07-26 / 19:30,DAR I Série n.º 034 (2011-10-22)
12,1,7,2011-07-23,2011-07-23,2011-07-27 / 18:30,DAR I Série n.º 034 (2011-10-22)
12,1,8,2011-07-28,2011-07-28,2011-07-29 / 16:00,DAR I Série n.º 034 (2011-10-22)
12,1,9,2011-07-29,2011-07-29,2011-08-02 / 19:00,DAR I Série n.º 034 (2011-10-22)
12,1,10,2011-07-30,2011-07-30,2011-08-05 / 19:00,DAR I Série n.º 034 (2011-10-22)
12,1,11,2011-08-04,2011-08-04,2011-08-11 / 13:00,DAR I Série n.º 034 (2011-10-22)
12,1,12,2011-08-05,2011-08-05,2011-08-11 / 13:00,DAR I Série n.º 034 (2011-10-22)
12,1,13,2011-09-01,2011-09-01,2011-09-08 / 15:00,DAR I Série n.º 034 (2011-10-22)
12,1,14,2011-09-02,2011-09-02,2011-09-13 / 11:30,DAR I Série n.º 034 (2011-10-22)
12,1,15,2011-09-03,2011-09-03,2011-09-13 / 11:30,DAR I Série n.º 034 (2011-10-22)
12,1,16,2011-09-08,2011-09-08,2011-09-15 / 10:30,DAR I Série n.º 034 (2011-10-22)
12,1,17,2011-09-09,2011-09-09,2011-09-16 / 12:00,DAR I Série n.º 048 (2011-12-10)
12,1,18,2011-09-15,2011-09-15,2011-09-19 / 19:00,DAR I Série n.º 048 (2011-12-10)
12,1,19,2011-09-16,2011-09-16,2011-09-22 / 17:30,DAR I Série n.º 048 (2011-12-10)
12,1,20,2011-09-17,2011-09-17,2011-09-22 / 17:30,DAR I Série n.º 048 (2011-12-10)
12,1,21,2011-09-22,2011-09-22,2011-09-26 / 11:00,DAR I Série n.º 048 (2011-12-10)
12,1,22,2011-09-23,2011-09-23,2011-10-03 / 16:00,DAR I Série n.º 048 (2011-12-10)
12,1,23,2011-09-24,2011-09-24,2011-10-03 / 16:00,DAR I Série n.º 048 (2011-12-10)
12,1,24,2011-09-29,2011-09-29,2011-10-04 / 12:00,DAR I Série n.º 048 (2011-12-10)
12,1,25,2011-09-30,2011-09-30,2011-10-06 / 15:00,DAR I Série n.º 048 (2011-12-10)
12,1,26,2011-10-01,2011-10-01,2011-10-12 / 10:00,DAR I Série n.º 048 (2011-12-10)
12,1,27,2011-10-07,2011-10-07,2011-10-14 / 17:00,DAR I Série n.º 048 (2011-12-10)
12,1,28,2011-10-08,2011-10-08,2011-10-14 / 17:00,DAR I Série n.º 048 (2011-12-10)
12,1,29,2011-10-13,2011-10-13,2011-10-20 / 13:30,DAR I Série n.º 048 (2011-12-10)
12,1,30,2011-10-14,2011-10-14,2011-10-21 / 19:00,DAR I Série n.º 048 (2011-12-10)
12,1,31,2011-10-15,2011-10-15,2011-10-21 / 19:00,DAR I Série n.º 048 (2011-12-10)
12,1,32,2011-10-20,2011-10-20,2011-10-26 / 19:00,DAR I Série n.º 048 (2011-12-10)
12,1,33,2011-10-21,2011-10-21,2011-10-26 / 19:00,DAR I Série n.º 048 (2011-12-10)
12,1,34,2011-10-22,2011-10-22,2011-10-27 / 15:00,DAR I Série n.º 048 (2011-12-10)
12,1,35,2011-10-27,2011-10-27,2011-11-04 / 16:00,DAR I Série n.º 048 (2011-12-10)
12,1,36,2011-10-28,2011-10-28,2011-11-04 / 16:00,DAR I Série n.º 048 (2011-12-10)
12,1,37,2011-10-29,2011-10-29,2011-11-04 / 16:00,DAR I Série n.º 048 (2011-12-10)
12,1,38,2011-11-05,2011-11-05,2011-11-10 / 17:30,DAR I Série n.º 080 (2012-03-03)
12,1,39,2011-11-11,2011-11-11,2011-11-18 / 10:00,DAR I Série n.º 080 (2012-03-03)
12,1,40,2011-11-12,2011-11-12,2011-11-18 / 17:30,DAR I Série n.º 080 (2012-03-03)
12,1,41,2011-11-23,2011-11-23,2011-11-24 / 10:30,DAR I Série n.º 080 (2012-03-03)
12,1,42,2011-11-26,2011-11-26,2011-12-02 / 15:30,DAR I Série n.º 080 (2012-03-03)
12,1,43,2011-11-29,2011-11-29,2011-12-05 / 17:30,DAR I Série n.º 080 (2012-03-03)
12,1,44,2011-11-30,2011-11-30,2011-12-09 / 13:30,DAR I Série n.º 080 (2012-03-03)
12,1,45,2011-12-02,2011-12-02,2011-12-09 / 17:30,DAR I Série n.º 080 (2012-03-03)
12,1,46,2011-12-03,2011-12-03,2011-12-12 / 16:00,DAR I Série n.º 080 (2012-03-03)
12,1,47,2011-12-09,2011-12-09,2011-12-15 / 20:30,DAR I Série n.º 080 (2012-03-03)
12,1,48,2011-12-10,2011-12-10,2011-12-19 / 15:30,DAR I Série n.º 080 (2012-03-03)
12,1,49,2011-12-15,2011-12-15,2011-12-21 / 15:00,DAR I Série n.º 080 (2012-03-03)
12,1,50,2011-12-16,2011-12-16,2011-12-22 / 18:30,DAR I Série n.º 080 (2012-03-03)
12,1,51,2011-12-17,2011-12-17,2011-12-30 / 12:30,DAR I Série n.º 080 (2012-03-03)
12,1,52,2011-12-22,2011-12-22,2012-01-09 / 18:00,DAR I Série n.º 080 (2012-03-03)
12,1,53,2011-12-23,2011-12-23,2012-01-11 / 18:00,DAR I Série n.º 080 (2012-03-03)
12,1,54,2012-01-05,2012-01-05,2012-01-12 / 15:30,DAR I Série n.º 093 (2012-04-07)
12,1,55,2012-01-06,2012-01-06,2012-01-13 / 17:00,DAR I Série n.º 093 (2012-04-07)
12,1,56,2012-01-07,2012-01-07,2012-01-17 / 17:30,DAR I Série n.º 093 (2012-04-07)
12,1,57,2012-01-12,2012-01-12,2012-01-18 / 17:30,DAR I Série n.º 093 (2012-04-07)
12,1,58,2012-01-13,2012-01-13,2012-01-23 / 16:30,DAR I Série n.º 093 (2012-04-07)
12,1,59,2012-01-14,2012-01-14,2012-01-23 / 16:30,DAR I Série n.º 093 (2012-04-07)
12,1,60,2012-01-19,2012-01-19,2012-01-25 / 16:00,DAR I Série n.º 093 (2012-04-07)
12,1,61,2012-01-20,2012-01-20,2012-01-27 / 18:30,DAR I Série n.º 093 (2012-04-07)
12,1,62,2012-01-21,2012-01-21,2012-02-01 / 16:30,DAR I Série n.º 093 (2012-04-07)
12,1,63,2012-01-26,2012-01-26,2012-02-01 / 16:30,DAR I Série n.º 093 (2012-04-07)
12,1,64,2012-01-27,2012-01-27,2012-02-03 / 18:00,DAR I Série n.º 093 (2012-04-07)
12,1,65,2012-01-28,2012-01-28,2012-02-08 / 12:30,DAR I Série n.º 093 (2012-04-07)
12,1,66,2012-02-02,2012-02-02,2012-02-08 / 12:30,DAR I Série n.º 093 (2012-04-07)
12,1,67,2012-02-03,2012-02-03,2012-02-09 / 10:30,DAR I Série n.º 093 (2012-04-07)
12,1,68,2012-02-04,2012-02-04,2012-02-10 / 16:00,DAR I Série n.º 093 (2012-04-07)
12,1,69,2012-02-09,2012-02-09,2012-02-13 / 17:00,DAR I Série n.º 093 (2012-04-07)
12,1,70,2012-02-10,2012-02-10,2012-02-15 / 17:30,DAR I Série n.º 093 (2012-04-07)
12,1,71,2012-02-11,2012-02-11,2012-02-17 / 17:00,DAR I Série n.º 093 (2012-04-07)
12,1,72,2012-02-16,2012-02-16,2012-02-17 / 17:30,DAR I Série n.º 093 (2012-04-07)
12,1,73,2012-02-17,2012-02-17,2012-02-23 / 17:00,DAR I Série n.º 093 (2012-04-07)
12,1,74,2012-02-18,2012-02-18,2012-02-28 / 15:00,DAR I Série n.º 093 (2012-04-07)
12,1,75,2012-02-23,2012-02-23,2012-02-29 / 20:00,DAR I Série n.º 093 (2012-04-07)
12,1,76,2012-02-24,2012-02-24,2012-02-29 / 20:00,DAR I Série n.º 093 (2012-04-07)
12,1,77,2012-02-25,2012-02-25,2012-03-01 / 15:30,DAR I Série n.º 093 (2012-04-07)
12,1,78,2012-03-01,2012-03-01,2012-03-07 / 17:00,DAR I Série n.º 093 (2012-04-07)
12,1,79,2012-03-02,2012-03-02,2012-03-07 / 17:00,DAR I Série n.º 124 (2012-06-23)
12,1,80,2012-03-03,2012-03-03,2012-03-07 / 19:30,DAR I Série n.º 124 (2012-06-23)
12,1,81,2012-03-08,2012-03-08,2012-03-13 / 17:00,DAR I Série n.º 124 (2012-06-23)
12,1,82,2012-03-09,2012-03-09,2012-03-14 / 18:30,DAR I Série n.º 124 (2012-06-23)
12,1,83,2012-03-10,2012-03-10,2012-03-21 / 18:30,DAR I Série n.º 124 (2012-06-23)
12,1,84,2012-03-15,2012-03-15,2012-03-21 / 18:30,DAR I Série n.º 124 (2012-06-23)
12,1,85,2012-03-16,2012-03-16,2012-03-23 / 17:00,DAR I Série n.º 124 (2012-06-23)
12,1,86,2012-03-17,2012-03-17,2012-03-26 / 11:30,DAR I Série n.º 124 (2012-06-23)
12,1,87,2012-03-22,2012-03-22,2012-03-27 / 10:00,DAR I Série n.º 124 (2012-06-23)
12,1,88,2012-03-23,2012-03-23,2012-03-30 / 10:00,DAR I Série n.º 124 (2012-06-23)
12,1,89,2012-03-29,2012-03-29,2012-04-02 / 12:00,DAR I Série n.º 124 (2012-06-23)
12,1,90,2012-03-30,2012-03-30,2012-04-03 / 17:00,DAR I Série n.º 124 (2012-06-23)
12,1,91,2012-03-31,2012-03-31,2012-04-04 / 13:30,DAR I Série n.º 124 (2012-06-23)
12,1,92,2012-04-05,2012-04-05,2012-04-12 / 15:30,DAR I Série n.º 135 (2012-07-26)
12,1,93,2012-04-07,2012-04-07,2012-04-12 / 15:30,DAR I Série n.º 135 (2012-07-26)
12,1,94,2012-04-12,2012-04-12,2012-04-17 / 18:00,DAR I Série n.º 135 (2012-07-26)
12,1,95,2012-04-13,2012-04-13,2012-04-20 / 13:00,DAR I Série n.º 135 (2012-07-26)
12,1,96,2012-04-14,2012-04-14,2012-04-23 / 19:00,DAR I Série n.º 135 (2012-07-26)
12,1,97,2012-04-19,2012-04-19,2012-04-27 / 09:30,DAR I Série n.º 135 (2012-07-26)
12,1,98,2012-04-20,2012-04-20,2012-04-30 / 17:00,DAR I Série n.º 135 (2012-07-26)
12,1,99,2012-04-21,2012-04-21,2012-04-30 / 17:00,DAR I Série n.º 135 (2012-07-26)
12,1,100,2012-04-26,2012-04-26,2012-04-30 / 17:00,DAR I Série n.º 135 (2012-07-26)
12,1,101,2012-04-27,2012-04-27,2012-05-02 / 18:00,DAR I Série n.º 135 (2012-07-26)
12,1,102,2012-04-28,2012-04-28,2012-05-03 / 18:30,DAR I Série n.º 135 (2012-07-26)
12,1,103,2012-05-03,2012-05-03,2012-05-07 / 17:30,DAR I Série n.º 135 (2012-07-26)
12,1,104,2012-05-04,2012-05-04,2012-05-10 / 15:00,DAR I Série n.º 135 (2012-07-26)
12,1,105,2012-05-05,2012-05-05,2012-05-11 / 10:30,DAR I Série n.º 135 (2012-07-26)
12,1,106,2012-05-10,2012-05-10,2012-05-15 / 17:30,DAR I Série n.º 135 (2012-07-26)
12,1,107,2012-05-11,2012-05-11,2012-05-17 / 11:00,DAR I Série n.º 135 (2012-07-26)
12,1,108,2012-05-12,2012-05-12,2012-05-18 / 16:30,DAR I Série n.º 135 (2012-07-26)
12,1,109,2012-05-17,2012-05-17,2012-05-22 / 13:00,DAR I Série n.º 135 (2012-07-26)
12,1,110,2012-05-18,2012-05-18,2012-05-24 / 18:00,DAR I Série n.º 135 (2012-07-26)
12,1,111,2012-05-19,2012-05-19,2012-05-28 / 17:00,DAR I Série n.º 135 (2012-07-26)
12,1,112,2012-05-24,2012-05-24,2012-05-29 / 17:30,DAR I Série n.º 135 (2012-07-26)
12,1,113,2012-05-25,2012-05-25,2012-05-29 / 17:30,DAR I Série n.º 135 (2012-07-26)
12,1,114,2012-05-26,2012-05-26,2012-05-31 / 17:00,DAR I Série n.º 135 (2012-07-26)
12,1,115,2012-05-31,2012-05-31,2012-06-04 / 10:00,DAR I Série n.º 135 (2012-07-26)
12,1,116,2012-06-01,2012-06-01,2012-06-06 / 11:30,DAR I Série n.º 135 (2012-07-26)
12,1,117,2012-06-02,2012-06-02,2012-06-12 / 15:30,DAR I Série n.º 019 (2012-11-02)
12,1,118,2012-06-08,2012-06-08,2012-06-18 / 11:00,DAR I Série n.º 019 (2012-11-02)
12,1,119,2012-06-09,2012-06-09,2012-06-19 / 18:30,DAR I Série n.º 019 (2012-11-02)
12,1,120,2012-06-15,2012-06-15,2012-06-22 / 18:00,DAR I Série n.º 019 (2012-11-02)
12,1,121,2012-06-16,2012-06-16,2012-06-22 / 18:00,DAR I Série n.º 019 (2012-11-02)
12,1,122,2012-06-21,2012-06-21,2012-06-27 / 10:30,DAR I Série n.º 019 (2012-11-02)
12,1,123,2012-06-22,2012-06-22,2012-06-27 / 10:30,DAR I Série n.º 019 (2012-11-02)
12,1,124,2012-06-23,2012-06-23,2012-07-04 / 11:30,DAR I Série n.º 019 (2012-11-02)
12,1,125,2012-06-26,2012-06-26,2012-07-05 / 16:00,DAR I Série n.º 019 (2012-11-02)
12,1,126,2012-06-28,2012-06-28,2012-07-06 / 16:30,DAR I Série n.º 019 (2012-11-02)
12,1,127,2012-06-29,2012-06-29,2012-07-10 / 19:00,DAR I Série n.º 019 (2012-11-02)
12,1,128,2012-06-30,2012-06-30,2012-07-10 / 19:00,DAR I Série n.º 019 (2012-11-02)
12,1,129,2012-07-05,2012-07-05,2012-07-27 / 17:30,DAR I Série n.º 019 (2012-11-02)
12,1,130,2012-07-06,2012-07-06,2012-07-27 / 17:30,DAR I Série n.º 019 (2012-11-02)
12,1,131,2012-07-07,2012-07-07,2012-09-03 / 18:00,DAR I Série n.º 019 (2012-11-02)
12,1,132,2012-07-12,2012-07-12,2012-09-03 / 18:00,DAR I Série n.º 019 (2012-11-02)
12,1,133,2012-07-13,2012-07-13,2012-09-04 / 18:00,DAR I Série n.º 019 (2012-11-02)
12,1,134,2012-07-14,2012-07-14,2012-09-04 / 18:00,DAR I Série n.º 019 (2012-11-02)
12,1,135,2012-07-26,2012-07-26,2012-09-05 / 11:00,DAR I Série n.º 019 (2012-11-02)
12,1,136,2012-09-13,2012-09-13,2012-09-14 / 17:30,DAR I Série n.º 019 (2012-11-02)
12,2,1,2012-09-20,2012-09-20,2012-09-27 / 10:30,DAR I Série n.º 052 (2013-02-09)
12,2,2,2012-09-21,2012-09-21,2012-09-28 / 18:30,DAR I Série n.º 052 (2013-02-09)
12,2,3,2012-09-22,2012-09-22,2012-10-03 / 18:30,DAR I Série n.º 052 (2013-02-09)
12,2,4,2012-09-27,2012-09-27,2012-10-08 / 18:00,DAR I Série n.º 052 (2013-02-09)
12,2,5,2012-09-28,2012-09-28,2012-10-09 / 18:30,DAR I Série n.º 052 (2013-02-09)
12,2,6,2012-09-29,2012-09-29,2012-10-12 / 10:00,DAR I Série n.º 052 (2013-02-09)
12,2,7,2012-10-04,2012-10-04,2012-10-12 / 10:00,DAR I Série n.º 052 (2013-02-09)
12,2,8,2012-10-06,2012-10-06,2012-10-17 / 19:00,DAR I Série n.º 052 (2013-02-09)
12,2,9,2012-10-11,2012-10-11,2012-10-18 / 10:00,DAR I Série n.º 052 (2013-02-09)
12,2,10,2012-10-12,2012-10-12,2012-10-18 / 18:30,DAR I Série n.º 052 (2013-02-09)
12,2,11,2012-10-13,2012-10-13,2012-10-22 / 18:00,DAR I Série n.º 052 (2013-02-09)
12,2,12,2012-10-18,2012-10-18,2012-10-24 / 18:30,DAR I Série n.º 052 (2013-02-09)
12,2,13,2012-10-19,2012-10-19,2012-10-25 / 10:30,DAR I Série n.º 052 (2013-02-09)
12,2,14,2012-10-20,2012-10-20,2012-10-29 / 17:00,DAR I Série n.º 052 (2013-02-09)
12,2,15,2012-10-25,2012-10-25,2012-10-30 / 15:30,DAR I Série n.º 052 (2013-02-09)
12,2,16,2012-10-26,2012-10-26,2012-10-31 / 17:30,DAR I Série n.º 052 (2013-02-09)
12,2,17,2012-10-27,2012-10-27,2012-11-07 / 14:30,DAR I Série n.º 052 (2013-02-09)
12,2,18,2012-10-31,2012-10-31,2012-11-07 / 08:30,DAR I Série n.º 052 (2013-02-09)
12,2,19,2012-11-02,2012-11-02,2012-11-08 / 15:30,DAR I Série n.º 052 (2013-02-09)
12,2,20,2012-11-22,2012-11-22,2012-11-28 / 15:30,DAR I Série n.º 052 (2013-02-09)
12,2,21,2012-11-23,2012-11-23,2012-11-28 / 15:30,DAR I Série n.º 052 (2013-02-09)
12,2,22,2012-11-24,2012-11-24,2012-11-30 / 18:00,DAR I Série n.º 052 (2013-02-09)
12,2,23,2012-11-27,2012-11-27,2012-12-05 / 17:00,DAR I Série n.º 052 (2013-02-09)
12,2,24,2012-11-28,2012-11-28,2012-12-10 / 19:00,DAR I Série n.º 052 (2013-02-09)
12,2,25,2012-11-30,2012-11-30,2012-12-11 / 17:30,DAR I Série n.º 052 (2013-02-09)
12,2,26,2012-12-06,2012-12-06,2012-12-13 / 19:00,DAR I Série n.º 058 (2013-02-23)
12,2,27,2012-12-07,2012-12-07,2012-12-14 / 19:00,DAR I Série n.º 058 (2013-02-23)
12,2,28,2012-12-10,2012-12-10,2012-12-19 / 12:30,DAR I Série n.º 058 (2013-02-23)
12,2,29,2012-12-13,2012-12-13,2013-01-07 / 15:30,DAR I Série n.º 058 (2013-02-23)
12,2,30,2012-12-14,2012-12-14,2013-01-07 / 15:30,DAR I Série n.º 058 (2013-02-23)
12,2,31,2012-12-15,2012-12-15,2013-01-07 / 15:30,DAR I Série n.º 058 (2013-02-23)
12,2,32,2012-12-20,2012-12-20,2013-01-07 / 15:30,DAR I Série n.º 058 (2013-02-23)
12,2,33,2012-12-21,2012-12-21,2013-01-09 / 18:00,DAR I Série n.º 058 (2013-02-23)
12,2,34,2012-12-22,2012-12-22,2013-01-11 / 19:30,DAR I Série n.º 058 (2013-02-23)
12,2,35,2012-12-28,2012-12-28,2013-01-14 / 18:00,DAR I Série n.º 058 (2013-02-23)
12,2,36,2013-01-04,2013-01-04,2013-01-15 / 15:30,DAR I Série n.º 058 (2013-02-23)
12,2,37,2013-01-05,2013-01-05,2013-01-16 / 18:00,DAR I Série n.º 058 (2013-02-23)
12,2,38,2013-01-10,2013-01-10,2013-01-17 / 15:00,DAR I Série n.º 058 (2013-02-23)
12,2,39,2013-01-11,2013-01-11,2013-01-21 / 11:00,DAR I Série n.º 058 (2013-02-23)
12,2,40,2013-01-12,2013-01-12,2013-01-22 / 13:00,DAR I Série n.º 058 (2013-02-23)
12,2,41,2013-01-17,2013-01-17,2013-01-31 / 16:00,DAR I Série n.º 058 (2013-02-23)
12,2,42,2013-01-18,2013-01-18,2013-02-01 / 10:30,DAR I Série n.º 058 (2013-02-23)
12,2,43,2013-01-19,2013-01-19,2013-02-01 / 10:30,DAR I Série n.º 058 (2013-02-23)
12,2,44,2013-01-24,2013-01-24,2013-02-01 / 16:00,DAR I Série n.º 058 (2013-02-23)
12,2,45,2013-01-25,2013-01-25,2013-02-01 / 16:00,DAR I Série n.º 058 (2013-02-23)
12,2,46,2013-01-26,2013-01-26,2013-01-05 / 15:00,DAR I Série n.º 058 (2013-02-23)
12,2,47,2013-01-31,2013-01-31,2013-01-05 / 15:00,DAR I Série n.º 058 (2013-02-23)
12,2,48,2013-02-01,2013-02-01,2013-02-11 / 11:00,DAR I Série n.º 058 (2013-02-23)
12,2,49,2013-02-02,2013-02-02,2013-02-14 / 14:30,DAR I Série n.º 107 (2013-06-29)
12,2,50,2013-02-07,2013-02-07,2013-02-15 / 08:30,DAR I Série n.º 107 (2013-06-29)
12,2,51,2013-02-08,2013-02-08,2013-02-18 / 12:00,DAR I Série n.º 107 (2013-06-29)
12,2,52,2013-02-09,2013-02-09,2013-02-18 / 18:00,DAR I Série n.º 107 (2013-06-29)
12,2,53,2013-02-14,2013-02-14,2013-02-20 / 16:30,DAR I Série n.º 107 (2013-06-29)
12,2,54,2013-02-15,2013-02-15,2013-02-20 / 16:30,DAR I Série n.º 107 (2013-06-29)
12,2,55,2013-02-16,2013-02-16,2013-02-21 / 18:00,DAR I Série n.º 107 (2013-06-29)
12,2,56,2013-02-21,2013-02-21,2013-02-27 / 18:00,DAR I Série n.º 107 (2013-06-29)
12,2,57,2013-02-22,2013-02-22,2013-02-28 / 13:30,DAR I Série n.º 107 (2013-06-29)
12,2,58,2013-02-23,2013-02-23,2013-02-28 / 16:30,DAR I Série n.º 107 (2013-06-29)
12,2,59,2013-02-28,2013-02-28,2013-03-05 / 15:30,DAR I Série n.º 107 (2013-06-29)
12,2,60,2013-03-01,2013-03-01,2013-03-07 / 18:30,DAR I Série n.º 107 (2013-06-29)
12,2,61,2013-03-02,2013-03-02,2013-03-07 / 17:30,DAR I Série n.º 107 (2013-06-29)
12,2,62,2013-03-07,2013-03-07,2013-03-12 / 16:00,DAR I Série n.º 107 (2013-06-29)
12,2,63,2013-03-08,2013-03-08,2013-03-15 / 13:30,DAR I Série n.º 107 (2013-06-29)
12,2,64,2013-03-09,2013-03-09,2013-03-15 / 15:30,DAR I Série n.º 107 (2013-06-29)
12,2,65,2013-03-14,2013-03-14,2013-03-18 / 16:00,DAR I Série n.º 107 (2013-06-29)
12,2,66,2013-03-15,2013-03-15,2013-03-22 / 10:30,DAR I Série n.º 107 (2013-06-29)
12,2,67,2013-03-16,2013-03-16,2013-03-26 / 16:30,DAR I Série n.º 107 (2013-06-29)
12,2,68,2013-03-21,2013-03-21,2013-03-26 / 16:30,DAR I Série n.º 107 (2013-06-29)
12,2,69,2013-03-22,2013-03-22,2013-03-28 / 10:30,DAR I Série n.º 107 (2013-06-29)
12,2,70,2013-03-23,2013-03-23,2013-03-28 / 10:30,DAR I Série n.º 107 (2013-06-29)
12,2,71,2013-03-28,2013-03-28,2013-04-03 / 18:00,DAR I Série n.º 107 (2013-06-29)
12,2,72,2013-03-30,2013-03-30,2013-04-04 / 16:00,DAR I Série n.º 107 (2013-06-29)
12,2,73,2013-04-04,2013-04-04,2013-04-09 / 15:30,DAR I Série n.º 107 (2013-06-29)
12,2,74,2013-04-05,2013-04-05,2013-04-12 / 16:00,DAR I Série n.º 107 (2013-06-29)
12,2,75,2013-04-06,2013-04-06,2013-04-12 / 16:00,DAR I Série n.º 107 (2013-06-29)
12,2,76,2013-04-11,2013-04-11,2013-04-16 / 17:00,DAR I Série n.º 107 (2013-06-29)
12,2,77,2013-04-12,2013-04-12,2013-04-18 / 12:30,DAR I Série n.º 107 (2013-06-29)
12,2,78,2013-04-13,2013-04-13,2013-04-19 / 19:30,DAR I Série n.º 107 (2013-06-29)
12,2,79,2013-04-18,2013-04-18,2013-04-24 / 10:30,DAR I Série n.º 107 (2013-06-29)
12,2,80,2013-04-19,2013-04-19,2013-04-24 / 15:30,DAR I Série n.º 107 (2013-06-29)
12,2,81,2013-04-20,2013-04-20,2013-04-24 / 19:00,DAR I Série n.º 107 (2013-06-29)
12,2,82,2013-04-26,2013-04-26,2013-05-06 / 17:30,DAR I Série n.º 107 (2013-06-29)
12,2,83,2013-04-26,2013-04-26,2013-05-06 / 17:30,DAR I Série n.º 107 (2013-06-29) e reaprovado no DAR I Série n.º 109 (2015-07-23)
12,2,84,2013-05-03,2013-05-03,2013-05-08 / 17:30,DAR I Série n.º 044 (2014-02-01)
12,2,85,2013-05-04,2013-05-04,2013-05-10 / 18:30,DAR I Série n.º 044 (2014-02-01)
12,2,86,2013-05-09,2013-05-09,2013-05-15 / 18:30,DAR I Série n.º 044 (2014-02-01)
12,2,87,2013-05-10,2013-05-10,2013-05-15 / 18:30,DAR I Série n.º 044 (2014-02-01)
12,2,88,2013-05-11,2013-05-11,2013-05-15 / 18:30,DAR I Série n.º 044 (2014-02-01)
12,2,89,2013-05-16,2013-05-16,2013-05-29 / 17:00,DAR I Série n.º 044 (2014-02-01)
12,2,90,2013-05-17,2013-05-17,2013-06-03 / 18:00,DAR I Série n.º 044 (2014-02-01)
12,2,91,2013-05-18,2013-05-18,2013-06-04 / 11:30,DAR I Série n.º 044 (2014-02-01)
12,2,92,2013-05-23,2013-05-23,2013-06-04 / 17:30,DAR I Série n.º 044 (2014-02-01)
12,2,93,2013-05-24,2013-05-24,2013-06-05 / 19:00,DAR I Série n.º 044 (2014-02-01)
12,2,94,2013-05-25,2013-05-25,2013-06-06 / 12:00,DAR I Série n.º 044 (2014-02-01)
12,2,95,2013-05-30,2013-05-30,2013-06-06 / 12:00,DAR I Série n.º 044 (2014-02-01)
12,2,96,2013-05-31,2013-05-31,2013-06-07 / 11:00,DAR I Série n.º 044 (2014-02-01)
12,2,97,2013-06-01,2013-06-01,2013-06-07 / 18:30,DAR I Série n.º 044 (2014-02-01)
12,2,98,2013-06-06,2013-06-06,2013-06-19 / 12:00,DAR I Série n.º 044 (2014-02-01)
12,2,99,2013-06-07,2013-06-07,2013-06-20 / 14:00,DAR I Série n.º 044 (2014-02-01)
12,2,100,2013-06-08,2013-06-08,2013-06-24 / 16:30,DAR I Série n.º 044 (2014-02-01)
12,2,101,2013-06-14,2013-06-14,2013-06-24 / 19:00,DAR I Série n.º 044 (2014-02-01)
12,2,102,2013-06-15,2013-06-15,2013-06-25 / 17:00,DAR I Série n.º 044 (2014-02-01)
12,2,103,2013-06-19,2013-06-19,2013-06-27 / 11:30,DAR I Série n.º 044 (2014-02-01)
12,2,104,2013-06-20,2013-06-20,2013-07-03 / 16:00,DAR I Série n.º 044 (2014-02-01)
12,2,105,2013-06-27,2013-06-27,2013-07-03 / 16:00,DAR I Série n.º 044 (2014-02-01)
12,2,106,2013-06-28,2013-06-28,2013-07-04 / 17:00,DAR I Série n.º 044 (2014-02-01)
12,2,107,2013-06-29,2013-06-29,2013-06-08 / 17:00,DAR I Série n.º 044 (2014-02-01)
12,2,108,2013-07-04,2013-07-04,2013-07-11 / 12:00,DAR I Série n.º 044 (2014-02-01)
12,2,109,2013-07-05,2013-07-05,2013-07-11 / 20:30,DAR I Série n.º 044 (2014-02-01)
12,2,110,2013-07-06,2013-07-06,2013-07-18 / 16:30,DAR I Série n.º 044 (2014-02-01)
12,2,111,2013-07-11,2013-07-11,2013-07-18 / 16:30,DAR I Série n.º 044 (2014-02-01)
12,2,112,2013-07-12,2013-07-12,2013-07-18 / 18:30,DAR I Série n.º 044 (2014-02-01)
12,2,113,2013-07-13,2013-07-13,2013-07-18 / 18:30,DAR I Série n.º 044 (2014-02-01)
12,2,114,2013-07-19,2013-07-19,2013-07-26 / 17:30,DAR I Série n.º 044 (2014-02-01)
12,2,115,2013-07-25,2013-07-25,2013-08-02 / 17:30,DAR I Série n.º 044 (2014-02-01)
12,2,116,2013-07-30,2013-07-30,2013-08-06 / 16:30,DAR I Série n.º 044 (2014-02-01)
12,2,117,2013-07-31,2013-07-31,2013-08-06 / 16:30,DAR I Série n.º 044 (2014-02-01)
12,2,118,2013-09-12,2013-09-12,2013-09-17 / 11:30,DAR I Série n.º 044 (2014-02-01)
12,3,1,2013-09-17,2013-09-17,2013-09-20 / 17:30,DAR I Série n.º 061 (2014-03-15)
12,3,2,2013-09-18,2013-09-18,2013-09-23 / 12:30,DAR I Série n.º 061 (2014-03-15)
12,3,3,2013-09-19,2013-09-19,2013-09-24 / 17:30,DAR I Série n.º 061 (2014-03-15)
12,3,4,2013-10-03,2013-10-03,2013-10-09 / 10:30,DAR I Série n.º 061 (2014-03-15)
12,3,5,2013-10-04,2013-10-04,2013-10-10 / 10:30,DAR I Série n.º 061 (2014-03-15)
12,3,6,2013-10-05,2013-10-05,2013-10-11 / 13:00,DAR I Série n.º 061 (2014-03-15)
12,3,7,2013-10-10,2013-10-10,2013-10-17 / 11:00,DAR I Série n.º 061 (2014-03-15)
12,3,8,2013-10-11,2013-10-11,2013-10-18 / 17:00,DAR I Série n.º 061 (2014-03-15)
12,3,9,2013-10-12,2013-10-12,2013-10-21 / 17:30,DAR I Série n.º 061 (2014-03-15)
12,3,10,2013-10-17,2013-10-17,2013-10-23 / 11:30,DAR I Série n.º 061 (2014-03-15)
12,3,11,2013-10-18,2013-10-18,2013-10-24 / 16:00,DAR I Série n.º 061 (2014-03-15)
12,3,12,2013-10-19,2013-10-19,2013-10-25 / 13:30,DAR I Série n.º 061 (2014-03-15)
12,3,13,2013-10-24,2013-10-24,2013-10-30 / 18:30,DAR I Série n.º 061 (2014-03-15)
12,3,14,2013-10-25,2013-10-25,2013-11-05 / 10:30,DAR I Série n.º 061 (2014-03-15)
12,3,15,2013-10-26,2013-10-26,2013-11-08 / 16:30,DAR I Série n.º 061 (2014-03-15)
12,3,16,2013-11-01,2013-11-01,2013-11-13 / 19:30,DAR I Série n.º 061 (2014-03-15)
12,3,17,2013-11-02,2013-11-02,2013-11-15 / 19:00,DAR I Série n.º 061 (2014-03-15)
12,3,18,2013-11-22,2013-11-22,2013-11-28 / 18:00,DAR I Série n.º 061 (2014-03-15)
12,3,19,2013-11-23,2013-11-23,2013-11-28 / 18:00,DAR I Série n.º 061 (2014-03-15)
12,3,20,2013-11-26,2013-11-26,2013-12-02 / 17:30,DAR I Série n.º 061 (2014-03-15)
12,3,21,2013-11-27,2013-11-27,2013-11-03 / 15:30,DAR I Série n.º 061 (2014-03-15)
12,3,22,2013-11-30,2013-11-30,2013-12-06 / 10:00,DAR I Série n.º 061 (2014-03-15)
12,3,23,2013-12-05,2013-12-05,2013-12-11 / 12:30,DAR I Série n.º 061 (2014-03-15)
12,3,24,2013-12-06,2013-12-06,2013-12-13 / 10:00,DAR I Série n.º 061 (2014-03-15)
12,3,25,2013-12-07,2013-12-07,2013-12-18 / 18:30,DAR I Série n.º 061 (2014-03-15)
12,3,26,2013-12-10,2013-12-10,2013-12-18 / 19:00,DAR I Série n.º 061 (2014-03-15)
12,3,27,2013-12-12,2013-12-12,2013-12-20 / 19:00,DAR I Série n.º 061 (2014-03-15)
12,3,28,2013-12-13,2013-12-13,2013-12-20 / 19:00,DAR I Série n.º 061 (2014-03-15)
12,3,29,2013-12-14,2013-12-14,2014-01-08 / 12:00,DAR I Série n.º 061 (2014-03-15)
12,3,30,2013-12-19,2013-12-19,2014-01-08 / 12:00,DAR I Série n.º 061 (2014-03-15)
12,3,31,2013-12-20,2013-12-20,2014-01-10 / 13:00,DAR I Série n.º 061 (2014-03-15)
12,3,32,2013-12-21,2013-12-21,2014-01-14 / 10:30,DAR I Série n.º 061 (2014-03-15)
12,3,33,2014-01-09,2014-01-09,2014-01-17 / 19:00,DAR I Série n.º 061 (2014-03-15)
12,3,34,2014-01-10,2014-01-10,2014-01-22 / 18:30,DAR I Série n.º 061 (2014-03-15)
12,3,35,2014-01-11,2014-01-11,2014-01-22 / 18:30,DAR I Série n.º 061 (2014-03-15)
12,3,36,2014-01-16,2014-01-16,2014-01-24 / 10:00,DAR I Série n.º 061 (2014-03-15)
12,3,37,2014-01-17,2014-01-17,2014-01-24 / 18:00,DAR I Série n.º 061 (2014-03-15)
12,3,38,2014-01-18,2014-01-18,2014-01-27 / 18:30,DAR I Série n.º 061 (2014-03-15)
12,3,39,2014-01-23,2014-01-23,2014-01-29 / 15:30,DAR I Série n.º 061 (2014-03-15)
12,3,40,2014-01-24,2014-01-24,2014-01-30 / 18:00,DAR I Série n.º 061 (2014-03-15)
12,3,41,2014-01-25,2014-01-25,2014-02-03 / 17:30,DAR I Série n.º 061 (2014-03-15)
12,3,42,2014-01-30,2014-01-30,2014-02-05 / 19:00,DAR I Série n.º 061 (2014-03-15)
12,3,43,2014-01-31,2014-01-31,2014-02-05 / 19:00,DAR I Série n.º 061 (2014-03-15)
12,3,44,2014-02-01,2014-02-01,2014-02-10 / 10:00,DAR I Série n.º 061 (2014-03-15)
12,3,45,2014-02-06,2014-02-06,2014-02-12 / 12:00,DAR I Série n.º 092 (2014-06-07)
12,3,46,2014-02-07,2014-02-07,2014-02-12 / 12:00,DAR I Série n.º 092 (2014-06-07)
12,3,47,2014-02-08,2014-02-08,2014-02-14 / 12:00,DAR I Série n.º 092 (2014-06-07)
12,3,48,2014-02-13,2014-02-13,2014-02-18 / 16:00,DAR I Série n.º 092 (2014-06-07)
12,3,49,2014-02-14,2014-02-14,2014-02-20 / 18:00,DAR I Série n.º 092 (2014-06-07)
12,3,50,2014-02-15,2014-02-15,2014-02-20 / 18:00,DAR I Série n.º 092 (2014-06-07)
12,3,51,2014-02-20,2014-02-20,2014-02-25 / 19:30,DAR I Série n.º 092 (2014-06-07)
12,3,52,2014-02-21,2014-02-21,2014-02-26 / 18:30,DAR I Série n.º 092 (2014-06-07)
12,3,53,2014-02-27,2014-02-27,2014-03-03 / 18:30,DAR I Série n.º 092 (2014-06-07)
12,3,54,2014-02-28,2014-02-28,2014-03-05 / 18:00,DAR I Série n.º 092 (2014-06-07)
12,3,55,2014-03-01,2014-03-01,2014-03-10 / 16:00,DAR I Série n.º 092 (2014-06-07)
12,3,56,2014-03-06,2014-03-06,2014-03-10 / 16:00,DAR I Série n.º 092 (2014-06-07)
12,3,57,2014-03-07,2014-03-07,2014-03-13 / 12:00,DAR I Série n.º 092 (2014-06-07)
12,3,58,2014-03-08,2014-03-08,2014-03-14 / 18:30,DAR I Série n.º 092 (2014-06-07)
12,3,59,2014-03-13,2014-03-13,2014-03-17 / 18:30,DAR I Série n.º 092 (2014-06-07)
12,3,60,2014-03-14,2014-03-14,2014-03-19 / 15:30,DAR I Série n.º 092 (2014-06-07)
12,3,61,2014-03-15,2014-03-15,2014-03-21 / 16:00,DAR I Série n.º 092 (2014-06-07)
12,3,62,2014-03-20,2014-03-20,2014-03-24 / 18:30,DAR I Série n.º 092 (2014-06-07)
12,3,63,2014-03-21,2014-03-21,2014-03-26 / 14:30,DAR I Série n.º 092 (2014-06-07)
12,3,64,2014-03-22,2014-03-22,2014-03-27 / 13:00,DAR I Série n.º 092 (2014-06-07)
12,3,65,2014-03-27,2014-03-27,2014-04-03 / 18:30,DAR I Série n.º 092 (2014-06-07)
12,3,66,2014-03-28,2014-03-28,2014-04-04 / 18:00,DAR I Série n.º 092 (2014-06-07)
12,3,67,2014-03-29,2014-03-29,2014-04-04 / 18:00,DAR I Série n.º 092 (2014-06-07)
12,3,68,2014-04-03,2014-04-03,2014-04-08 / 13:00,DAR I Série n.º 092 (2014-06-07)
12,3,69,2014-04-04,2014-04-04,2014-04-09 / 19:30,DAR I Série n.º 092 (2014-06-07)
12,3,70,2014-04-05,2014-04-05,2014-04-09 / 19:30,DAR I Série n.º 092 (2014-06-07)
12,3,71,2014-04-10,2014-04-10,2014-04-15 / 17:30,DAR I Série n.º 092 (2014-06-07)
12,3,72,2014-04-11,2014-04-11,2014-04-17 / 10:30,DAR I Série n.º 092 (2014-06-07)
12,3,73,2014-04-12,2014-04-12,2014-04-17 / 18:00,DAR I Série n.º 092 (2014-06-07)
12,3,74,2014-04-17,2014-04-17,2014-04-22 / 13:30,DAR I Série n.º 092 (2014-06-07)
12,3,75,2014-04-19,2014-04-19,2014-04-24 / 18:00,DAR I Série n.º 092 (2014-06-07)
12,3,76,2014-04-24,2014-04-24,2014-04-29 / 18:00,DAR I Série n.º 092 (2014-06-07)
12,3,77,2014-04-26,2014-04-26,2014-05-05 / 16:00,DAR I Série n.º 092 (2014-06-07)
12,3,78,2014-04-26,2014-04-26,2014-04-30 / 19:00,DAR I Série n.º 092 (2014-06-07)
12,3,79,2014-05-02,2014-05-02,2014-05-07 / 11:00,DAR I Série n.º 092 (2014-06-07)
12,3,80,2014-05-03,2014-05-03,2014-05-15 / 10:30,DAR I Série n.º 006 (2014-09-27)
12,3,81,2014-05-08,2014-05-08,2014-05-15 / 15:30,DAR I Série n.º 006 (2014-09-27)
12,3,82,2014-05-09,2014-05-09,2014-05-15 / 15:30,DAR I Série n.º 006 (2014-09-27)
12,3,83,2014-05-10,2014-05-10,2014-05-20 / 18:30,DAR I Série n.º 006 (2014-09-27)
12,3,84,2014-05-13,2014-05-13,2014-05-20 / 19:00,DAR I Série n.º 006 (2014-09-27)
12,3,85,2014-05-14,2014-05-14,2014-05-23 / 18:00,DAR I Série n.º 006 (2014-09-27)
12,3,86,2014-05-15,2014-05-15,2014-05-23 / 18:00,DAR I Série n.º 006 (2014-09-27)
12,3,87,2014-05-29,2014-05-29,2014-06-03 / 19:00,DAR I Série n.º 006 (2014-09-27)
12,3,88,2014-05-30,2014-05-30,2014-06-06 / 19:00,DAR I Série n.º 006 (2014-09-27)
12,3,89,2014-05-31,2014-05-31,2014-06-06 / 19:00,DAR I Série n.º 006 (2014-09-27)
12,3,90,2014-06-05,2014-06-05,2014-06-06 / 19:00,DAR I Série n.º 006 (2014-09-27)
12,3,91,2014-06-06,2014-06-06,2014-06-23 / 18:00,DAR I Série n.º 006 (2014-09-27)
12,3,92,2014-06-07,2014-06-07,2014-06-23 / 18:00,DAR I Série n.º 006 (2014-09-27)
12,3,93,2014-06-12,2014-06-12,2014-06-24 / 13:30,DAR I Série n.º 006 (2014-09-27)
12,3,94,2014-06-14,2014-06-14,2014-06-24 / 16:30,DAR I Série n.º 006 (2014-09-27)
12,3,95,2014-06-19,2014-06-19,2014-07-02 / 16:00,DAR I Série n.º 006 (2014-09-27)
12,3,96,2014-06-20,2014-06-20,2014-07-02 / 16:00,DAR I Série n.º 006 (2014-09-27)
12,3,97,2014-06-21,2014-06-21,2014-07-02 / 16:00,DAR I Série n.º 006 (2014-09-27)
12,3,98,2014-06-26,2014-06-26,2014-06-03 / 17:00,DAR I Série n.º 006 (2014-09-27)
12,3,99,2014-06-27,2014-06-27,2014-06-03 / 17:00,DAR I Série n.º 006 (2014-09-27)
12,3,100,2014-06-27,2014-06-27,2014-06-03 / 17:00,DAR I Série n.º 006 (2014-09-27)
12,3,101,2014-06-28,2014-06-28,2014-07-10 / 11:00,DAR I Série n.º 006 (2014-09-27)
12,3,102,2014-07-03,2014-07-03,2014-07-14 / 17:00,DAR I Série n.º 006 (2014-09-27)
12,3,103,2014-07-09,2014-07-09,2014-07-16 / 19:00,DAR I Série n.º 006 (2014-09-27)
12,3,104,2014-07-11,2014-07-11,2014-07-17 / 19:00,DAR I Série n.º 006 (2014-09-27)
12,3,105,2014-07-26,2014-07-26,2014-08-05 / 17:30,DAR I Série n.º 006 (2014-09-27)
12,3,106,2014-08-08,2014-08-08,2014-08-08 / 18:30,DAR I Série n.º 006 (2014-09-27)
12,3,107,2014-08-22,2014-08-22,2014-09-01 / 16:30,DAR I Série n.º 006 (2014-09-27)
12,3,108,2014-09-03,2014-09-03,2014-09-04 / 18:30,DAR I Série n.º 006 (2014-09-27)
12,3,109,2014-09-05,2014-09-05,2014-09-09 / 10:30,DAR I Série n.º 006 (2014-09-27)
12,3,110,2014-09-12,2014-09-12,2014-09-16 / 15:00,DAR I Série n.º 006 (2014-09-27)
12,4,1,2014-09-18,2014-09-18,2014-09-19 / 18:00,DAR I Série n.º 069 (2015-04-04)
12,4,2,2014-09-19,2014-09-19,2014-09-24 / 10:00,DAR I Série n.º 069 (2015-04-04)
12,4,3,2014-09-20,2014-09-20,2014-09-24 / 19:30,DAR I Série n.º 069 (2015-04-04)
12,4,4,2014-09-25,2014-09-25,2014-09-29 / 18:00,DAR I Série n.º 069 (2015-04-04)
12,4,5,2014-09-26,2014-09-26,2014-09-30 / 18:30,DAR I Série n.º 069 (2015-04-04)
12,4,6,2014-09-27,2014-09-27,2014-10-02 / 15:00,DAR I Série n.º 069 (2015-04-04)
12,4,7,2014-10-02,2014-10-02,2014-10-07 / 13:00,DAR I Série n.º 069 (2015-04-04)
12,4,8,2014-10-03,2014-10-03,2014-10-09 / 15:00,DAR I Série n.º 069 (2015-04-04)
12,4,9,2014-10-04,2014-10-04,2014-10-14 / 10:30,DAR I Série n.º 069 (2015-04-04)
12,4,10,2014-10-09,2014-10-09,2014-10-16 / 17:00,DAR I Série n.º 069 (2015-04-04)
12,4,11,2014-10-10,2014-10-10,2014-10-21 / 18:00,DAR I Série n.º 069 (2015-04-04)
12,4,12,2014-10-11,2014-10-11,2014-10-22 / 18:00,DAR I Série n.º 069 (2015-04-04)
12,4,13,2014-10-16,2014-10-16,2014-10-22 / 18:00,DAR I Série n.º 069 (2015-04-04)
12,4,14,2014-10-17,2014-10-17,2014-10-22 / 18:00,DAR I Série n.º 069 (2015-04-04)
12,4,15,2014-10-18,2014-10-18,2014-10-24 / 12:30,DAR I Série n.º 069 (2015-04-04)
12,4,16,2014-10-23,2014-10-23,2014-10-28 / 19:00,DAR I Série n.º 069 (2015-04-04)
12,4,17,2014-10-24,2014-10-24,2014-10-29 / 18:30,DAR I Série n.º 069 (2015-04-04)
12,4,18,2014-10-31,2014-10-31,2014-11-06 / 11:30,DAR I Série n.º 069 (2015-04-04)
12,4,19,2014-11-01,2014-11-01,2014-11-07 / 16:00,DAR I Série n.º 069 (2015-04-04)
12,4,20,2014-11-21,2014-11-21,2014-12-03 / 13:30,DAR I Série n.º 069 (2015-04-04)
12,4,21,2014-11-22,2014-11-22,2014-12-05 / 17:30,DAR I Série n.º 069 (2015-04-04)
12,4,22,2014-11-25,2014-11-25,2014-12-10 / 11:00,DAR I Série n.º 069 (2015-04-04)
12,4,23,2014-11-26,2014-11-26,2014-12-12 / 19:00,DAR I Série n.º 069 (2015-04-04)
12,4,24,2014-11-27,2014-11-27,2014-12-12 / 19:00,DAR I Série n.º 069 (2015-04-04)
12,4,25,2014-12-04,2014-12-04,2014-12-12 / 19:00,DAR I Série n.º 069 (2015-04-04)
12,4,26,2014-12-05,2014-12-05,2015-01-16 / 11:30,DAR I Série n.º 069 (2015-04-04)
12,4,27,2014-12-06,2014-12-06,2015-01-16 / 11:30,DAR I Série n.º 069 (2015-04-04)
12,4,28,2014-12-11,2014-12-11,2015-01-16 / 12:00,DAR I Série n.º 069 (2015-04-04)
12,4,29,2014-12-12,2014-12-12,2015-01-16 / 12:00,DAR I Série n.º 069 (2015-04-04)
12,4,30,2014-12-13,2014-12-13,2015-01-16 / 16:30,DAR I Série n.º 069 (2015-04-04)
12,4,31,2014-12-18,2014-12-18,2015-01-16 / 16:30,DAR I Série n.º 069 (2015-04-04)
12,4,32,2014-12-19,2014-12-19,2015-01-16 / 16:30,DAR I Série n.º 069 (2015-04-04)
12,4,33,2014-12-20,2014-12-20,2015-01-19 / 17:30,DAR I Série n.º 069 (2015-04-04)
12,4,34,2015-01-08,2015-01-08,2015-09-27 / 18:00,DAR I Série n.º 090 (2015-05-23)
12,4,35,2015-01-09,2015-01-09,2015-02-02 / 17:30,DAR I Série n.º 090 (2015-05-23)
12,4,36,2015-01-10,2015-01-10,2015-02-05 / 17:30,DAR I Série n.º 090 (2015-05-23)
12,4,37,2015-01-15,2015-01-15,2015-02-05 / 17:30,DAR I Série n.º 090 (2015-05-23)
12,4,38,2015-01-16,2015-01-16,2015-02-06 / 17:30,DAR I Série n.º 090 (2015-05-23)
12,4,39,2015-01-17,2015-01-17,2015-02-20 / 16:00,DAR I Série n.º 090 (2015-05-23)
12,4,40,2015-01-22,2015-01-22,2015-02-20 / 16:00,DAR I Série n.º 090 (2015-05-23)
12,4,41,2015-01-23,2015-01-23,2015-02-20 / 16:00,DAR I Série n.º 090 (2015-05-23)
12,4,42,2015-01-29,2015-01-29,2015-02-20 / 16:00,DAR I Série n.º 090 (2015-05-23)
12,4,43,2015-01-30,2015-01-30,2015-02-20 / 16:00,DAR I Série n.º 090 (2015-05-23)
12,4,44,2015-01-31,2015-01-31,2015-02-23 / 15:30,DAR I Série n.º 090 (2015-05-23)
12,4,45,2015-02-05,2015-02-05,2015-02-23 / 16:00,DAR I Série n.º 090 (2015-05-23)
12,4,46,2015-02-06,2015-02-06,2015-02-23 / 16:00,DAR I Série n.º 090 (2015-05-23)
12,4,47,2015-02-07,2015-02-07,2015-03-04 / 15:00,DAR I Série n.º 090 (2015-05-23)
12,4,48,2015-02-12,2015-02-12,2015-03-04 / 15:00,DAR I Série n.º 090 (2015-05-23)
12,4,49,2015-02-13,2015-02-13,2015-03-04 / 15:00,DAR I Série n.º 090 (2015-05-23)
12,4,50,2015-02-14,2015-02-14,2015-03-06 / 18:30,DAR I Série n.º 090 (2015-05-23)
12,4,51,2015-02-19,2015-02-19,2015-03-06 / 18:30,DAR I Série n.º 090 (2015-05-23)
12,4,52,2015-02-20,2015-02-20,2015-03-06 / 18:30,DAR I Série n.º 090 (2015-05-23)
12,4,53,2015-02-21,2015-02-21,2015-03-11 / 10:00,DAR I Série n.º 090 (2015-05-23)
12,4,54,2015-02-26,2015-02-26,2015-03-11 / 10:00,DAR I Série n.º 090 (2015-05-23)
12,4,55,2015-02-27,2015-02-27,2015-03-11 / 19:00,DAR I Série n.º 090 (2015-05-23)
12,4,56,2015-02-28,2015-02-28,2015-03-12 / 16:30,DAR I Série n.º 090 (2015-05-23)
12,4,57,2015-03-05,2015-03-05,2015-03-13 / 18:00,DAR I Série n.º 090 (2015-05-23)
12,4,58,2015-03-06,2015-03-06,2015-03-17 / 15:00,DAR I Série n.º 090 (2015-05-23)
12,4,59,2015-03-07,2015-03-07,2015-03-18 / 19:30,DAR I Série n.º 090 (2015-05-23)
12,4,60,2015-03-12,2015-03-12,2015-03-20 / 18:00,DAR I Série n.º 090 (2015-05-23)
12,4,61,2015-03-13,2015-03-13,2015-03-20 / 18:00,DAR I Série n.º 090 (2015-05-23)
12,4,62,2015-03-19,2015-03-19,2015-04-02 / 13:00,DAR I Série n.º 090 (2015-05-23)
12,4,63,2015-03-20,2015-03-20,2015-04-09 / 14:30,DAR I Série n.º 090 (2015-05-23)
12,4,64,2015-03-21,2015-03-21,2015-04-10 / 18:30,DAR I Série n.º 090 (2015-05-23) e reaprovado no DAR I Série n.º 109 (2015-07-23)
12,4,65,2015-03-26,2015-03-26,2015-04-15 / 15:30,DAR I Série n.º 090 (2015-05-23)
12,4,66,2015-03-27,2015-03-27,2015-04-15 / 15:30,DAR I Série n.º 090 (2015-05-23)
12,4,67,2015-03-28,2015-03-28,2015-04-17 / 18:30,DAR I Série n.º 090 (2015-05-23) e reaprovado no DAR I Série n.º 109 (2015-07-23)
12,4,68,2015-04-02,2015-04-02,2015-04-17 / 18:30,DAR I Série n.º 109 (2015-07-23)
12,4,69,2015-04-04,2015-04-04,2015-04-17 / 18:30,DAR I Série n.º 109 (2015-07-23)
12,4,70,2015-04-09,2015-04-09,2015-04-24 / 10:00,DAR I Série n.º 109 (2015-07-23)
12,4,71,2015-04-10,2015-04-10,2015-04-24 / 15:00,DAR I Série n.º 109 (2015-07-23)
12,4,72,2015-04-11,2015-04-11,2015-04-28 / 18:30,DAR I Série n.º 109 (2015-07-23)
12,4,73,2015-04-16,2015-04-16,2015-04-28 / 18:30,DAR I Série n.º 109 (2015-07-23)
12,4,74,2015-04-17,2015-04-17,2015-05-08 / 18:30,DAR I Série n.º 109 (2015-07-23)
12,4,75,2015-04-18,2015-04-18,2015-05-08 / 18:30,DAR I Série n.º 109 (2015-07-23)
12,4,76,2015-04-23,2015-04-23,2015-05-08 / 18:30,DAR I Série n.º 109 (2015-07-23)
12,4,77,2015-04-24,2015-04-24,2015-05-08 / 18:30,DAR I Série n.º 109 (2015-07-23)
12,4,78,2015-04-27,2015-04-27,2015-05-18 / 18:30,DAR I Série n.º 109 (2015-07-23)
12,4,79,2015-04-27,2015-04-27,2015-04-30 / 11:30,DAR I Série n.º 109 (2015-07-23)
12,4,80,2015-04-30,2015-04-30,2015-05-19 / 18:00,DAR I Série n.º 109 (2015-07-23)
12,4,81,2015-05-02,2015-05-02,2015-05-21 / 19:00,DAR I Série n.º 109 (2015-07-23)
12,4,82,2015-05-07,2015-05-07,2015-05-29 / 18:00,DAR I Série n.º 109 (2015-07-23)
12,4,83,2015-05-08,2015-05-08,2015-06-29 / 18:00,DAR I Série n.º 109 (2015-07-23)
12,4,84,2015-05-09,2015-05-09,2015-06-29 / 18:00,DAR I Série n.º 109 (2015-07-23)
12,4,85,2015-05-14,2015-05-14,2015-06-05 / 17:00,DAR I Série n.º 109 (2015-07-23)
12,4,86,2015-05-15,2015-05-15,2015-06-05 / 17:00,DAR I Série n.º 109 (2015-07-23)
12,4,87,2015-05-16,2015-05-16,2015-06-05 / 17:00,DAR I Série n.º 109 (2015-07-23)
12,4,88,2015-05-21,2015-05-21,2015-06-05 / 17:00,DAR I Série n.º 109 (2015-07-23)
12,4,89,2015-05-22,2015-05-22,2015-06-05 / 17:00,DAR I Série n.º 109 (2015-07-23)
12,4,90,2015-05-23,2015-05-23,2015-06-17 / 18:30,DAR I Série n.º 109 (2015-07-23)
12,4,91,2015-05-28,2015-05-28,2015-06-17 / 18:30,DAR I Série n.º 109 (2015-07-23)
12,4,92,2015-05-29,2015-05-29,2015-06-19 / 19:00,DAR I Série n.º 109 (2015-07-23)
12,4,93,2015-05-30,2015-05-30,2015-06-19 / 19:00,DAR I Série n.º 109 (2015-07-23)
12,4,94,2015-06-04,2015-06-04,2015-07-02 / 09:30,DAR I Série n.º 109 (2015-07-23)
12,4,95,2015-06-05,2015-06-05,2015-07-02 / 09:30,DAR I Série n.º 109 (2015-07-23)
12,4,96,2015-06-06,2015-06-06,2015-07-02 / 09:30,DAR I Série n.º 109 (2015-07-23)
12,4,97,2015-06-12,2015-06-12,2015-07-02 / 15:00,DAR I Série n.º 109 (2015-07-23)
12,4,98,2015-06-15,2015-06-15,2015-07-10 / 13:00,DAR I Série n.º 109 (2015-07-23)
12,4,99,2015-06-18,2015-06-18,2015-07-10 / 13:00,DAR I Série n.º 109 (2015-07-23)
12,4,100,2015-06-19,2015-06-19,2015-07-10 / 13:00,DAR I Série n.º 109 (2015-07-23)
12,4,101,2015-06-20,2015-06-20,2015-07-15 / 16:30,DAR I Série n.º 109 (2015-07-23)
12,4,102,2015-06-25,2015-06-25,2015-07-15 / 16:30,DAR I Série n.º 109 (2015-07-23)
12,4,103,2015-06-26,2015-06-26,2015-07-15 / 16:30,DAR I Série n.º 109 (2015-07-23)
12,4,104,2015-06-27,2015-06-27,2015-07-17 / 18:30,DAR I Série n.º 109 (2015-07-23)
12,4,105,2015-07-02,2015-07-02,2015-07-24 / 17:30,DAR I Série n.º 008 (2015-11-21)
12,4,106,2015-07-03,2015-07-03,2015-07-24 / 17:30,DAR I Série n.º 008 (2015-11-21)
12,4,107,2015-07-04,2015-07-04,2015-07-29 / 16:30,DAR I Série n.º 008 (2015-11-21)
12,4,108,2015-07-09,2015-07-09,2015-07-29 / 16:30,DAR I Série n.º 008 (2015-11-21)
12,4,109,2015-07-23,2015-07-23,2015-08-04 / 17:30,DAR I Série n.º 008 (2015-11-21)
12,4,110,2015-09-10,2015-09-10,2015-09-15 / 11:00,DAR I Série n.º 008 (2015-11-21)
12,4,111,2015-10-22,2015-10-22,2015-10-26 / 11:00,DAR I Série n.º 008 (2015-11-21)
13,1,1,2015-10-24,2015-10-24,2015-10-27 / 18:30,DAR I Série n.º 008 (2015-11-21)
13,1,2,2015-10-29,2015-10-29,2015-10-29 / 18:00,DAR I Série n.º 008 (2015-11-21)
13,1,3,2015-11-10,2015-11-10,2015-11-16 / 18:00,DAR I Série n.º 008 (2015-11-21)
13,1,4,2015-11-11,2015-11-11,2015-11-18 / 11:30,DAR I Série n.º 008 (2015-11-21)
13,1,5,2015-11-12,2015-11-12,2015-11-18 / 11:30,DAR I Série n.º 008 (2015-11-21)
13,1,6,2015-11-19,2015-11-19,2015-12-03 / 17:30,DAR I Série n.º 016 (2015-12-12)
13,1,7,2015-11-20,2015-11-20,2015-12-03 / 17:30,DAR I Série n.º 016 (2015-12-12)
13,1,8,2015-11-21,2015-11-21,2015-12-03 / 18:30,DAR I Série n.º 016 (2015-12-12)
13,1,9,2015-11-26,2015-11-26,2015-12-03 / 18:30,DAR I Série n.º 016 (2015-12-12)
13,1,10,2015-11-27,2015-11-27,2015-12-09 / 18:30,DAR I Série n.º 016 (2015-12-12)
13,1,11,2015-11-28,2015-11-28,2015-12-09 / 18:30,DAR I Série n.º 023 (2016-01-09)
13,1,12,2015-12-03,2015-12-03,2015-12-09 / 18:30,DAR I Série n.º 023 (2016-01-09)
13,1,13,2015-12-04,2015-12-04,2015-12-18 / 17:00,DAR I Série n.º 023 (2016-01-09)
13,1,14,2015-12-10,2015-12-10,2015-12-18 / 18:00,DAR I Série n.º 023 (2016-01-09)
13,1,15,2015-12-11,2015-12-11,2015-12-18 / 18:00,DAR I Série n.º 023 (2016-01-09)
13,1,16,2015-12-12,2015-12-12,2015-12-21 / 18:00,DAR I Série n.º 045 (2016-03-17)
13,1,17,2015-12-17,2015-12-17,2016-01-04 / 18:00,DAR I Série n.º 045 (2016-03-17)
13,1,18,2015-12-18,2015-12-18,2016-01-11 / 16:00,DAR I Série n.º 045 (2016-03-17)
13,1,19,2015-12-19,2015-12-19,2016-01-11 / 16:30,DAR I Série n.º 045 (2016-03-17)
13,1,20,2015-12-24,2015-12-24,2016-01-15 / 18:30,DAR I Série n.º 045 (2016-03-17)
13,1,21,2016-01-07,2016-01-07,2016-01-15 / 18:30,DAR I Série n.º 045 (2016-03-17)
13,1,22,2016-01-08,2016-01-08,2016-01-21 / 18:00,DAR I Série n.º 045 (2016-03-17)
13,1,23,2016-01-09,2016-01-09,2016-01-25 / 17:00,DAR I Série n.º 045 (2016-03-17)
13,1,24,2016-01-14,2016-01-14,2016-01-25 / 17:00,DAR I Série n.º 045 (2016-03-17)
13,1,25,2016-01-15,2016-01-15,2016-01-25 / 17:00,DAR I Série n.º 045 (2016-03-17)
13,1,26,2016-01-16,2016-01-16,2016-01-29 / 15:30,DAR I Série n.º 045 (2016-03-17)
13,1,27,2016-01-21,2016-01-21,2016-01-29 / 15:30,DAR I Série n.º 045 (2016-03-17)
13,1,28,2016-01-22,2016-01-22,2016-02-03 / 18:30,DAR I Série n.º 045 (2016-03-17)
13,1,29,2016-01-23,2016-01-23,2016-02-12 / 10:00,DAR I Série n.º 045 (2016-03-17)
13,1,30,2016-01-28,2016-01-28,2016-02-12 / 10:00,DAR I Série n.º 045 (2016-03-17)
13,1,31,2016-01-29,2016-01-29,2016-02-12 / 10:00,DAR I Série n.º 045 (2016-03-17)
13,1,32,2016-01-30,2016-01-30,2016-02-16 / 17:00,DAR I Série n.º 045 (2016-03-17)
13,1,33,2016-02-04,2016-02-04,2016-02-16 / 17:00,DAR I Série n.º 062 (2016-04-30)
13,1,34,2016-02-05,2016-02-05,2016-02-16 / 17:00,DAR I Série n.º 062 (2016-04-30)
13,1,35,2016-02-06,2016-02-06,2016-02-19 / 17:30,DAR I Série n.º 062 (2016-04-30)
13,1,36,2016-02-11,2016-02-11,2016-02-26 / 10:30,DAR I Série n.º 062 (2016-04-30)
13,1,37,2016-02-12,2016-02-12,2016-03-07 / 18:30,DAR I Série n.º 062 (2016-04-30)
13,1,38,2016-02-13,2016-02-13,2016-03-10 / 17:30,DAR I Série n.º 062 (2016-04-30)
13,1,39,2016-02-23,2016-02-23,2016-03-10 / 17:30,DAR I Série n.º 062 (2016-04-30)
13,1,40,2016-02-24,2016-02-24,2016-03-18 / 18:00,DAR I Série n.º 062 (2016-04-30)
13,1,41,2016-03-10,2016-03-10,2016-03-18 / 18:00,DAR I Série n.º 068 (2016-05-14)
13,1,42,2016-03-11,2016-03-11,2016-03-23 / 17:30,DAR I Série n.º 068 (2016-05-14)
13,1,43,2016-03-15,2016-03-15,2016-03-23 / 17:30,DAR I Série n.º 068 (2016-05-14)
13,1,44,2016-03-16,2016-03-16,2016-04-07 / 18:30,DAR I Série n.º 068 (2016-05-14)
13,1,45,2016-03-17,2016-03-17,2016-04-13 / 16:00,DAR I Série n.º 068 (2016-05-14)
13,1,46,2016-03-23,2016-03-23,2016-04-13 / 16:00,DAR I Série n.º 068 (2016-05-14)
13,1,47,2016-03-24,2016-03-24,2016-04-13 / 16:00,DAR I Série n.º 068 (2016-05-14)
13,1,48,2016-03-31,2016-03-31,2016-04-13 / 16:00,DAR I Série n.º 068 (2016-05-14)
13,1,49,2016-04-01,2016-04-01,2016-04-14 / 11:30,DAR I Série n.º 068 (2016-05-14)
13,1,50,2016-04-07,2016-04-07,2016-04-18 / 16:00,DAR I Série n.º 077 (2016-06-11)
13,1,51,2016-04-08,2016-04-08,2016-04-26 / 18:00,DAR I Série n.º 077 (2016-06-11)
13,1,52,2016-04-09,2016-04-09,2016-05-03 / 16:30,DAR I Série n.º 077 (2016-06-11)
13,1,53,2016-04-14,2016-04-14,2016-05-03 / 16:30,DAR I Série n.º 077 (2016-06-11)
13,1,54,2016-04-15,2016-04-15,2016-05-03 / 16:30,DAR I Série n.º 077 (2016-06-11)
13,1,55,2016-04-16,2016-04-16,2016-05-03 / 16:30,DAR I Série n.º 077 (2016-06-11)
13,1,56,2016-04-21,2016-04-21,2016-05-04 / 11:30,DAR I Série n.º 077 (2016-06-11)
13,1,57,2016-04-22,2016-04-22,2016-05-12 / 18:00,DAR I Série n.º 077 (2016-06-11)
13,1,58,2016-04-23,2016-04-23,2016-05-12 / 18:00,DAR I Série n.º 077 (2016-06-11)
13,1,59,2016-04-26,2016-04-26,2016-05-12 / 18:00,DAR I Série n.º 077 (2016-06-11)
13,1,60,2016-04-28,2016-04-28,2016-05-12 / 18:00,DAR I Série n.º 077 (2016-06-11)
13,1,61,2016-04-29,2016-04-29,2016-05-12 / 18:00,DAR I Série n.º 077 (2016-06-11)
13,1,62,2016-04-30,2016-04-30,2016-06-02 / 12:00,DAR I Série n.º 077 (2016-06-11)
13,1,63,2016-05-05,2016-05-05,2016-06-02 / 12:30,DAR I Série n.º 089 (2016-07-21)
13,1,64,2016-05-06,2016-05-06,2016-06-02 / 12:30,DAR I Série n.º 089 (2016-07-21)
13,1,65,2016-05-07,2016-05-07,2016-06-02 / 12:30,DAR I Série n.º 089 (2016-07-21)
13,1,66,2016-05-12,2016-05-12,2016-06-02 / 12:30,DAR I Série n.º 089 (2016-07-21)
13,1,67,2016-05-13,2016-05-13,2016-06-02 / 12:30,DAR I Série n.º 089 (2016-07-21)
13,1,68,2016-05-14,2016-05-14,2016-06-22 / 11:30,DAR I Série n.º 089 (2016-07-21)
13,1,69,2016-05-19,2016-05-19,2016-06-24 / 16:30,DAR I Série n.º 089 (2016-07-21)
13,1,70,2016-05-20,2016-05-20,2016-06-28 / 18:00,DAR I Série n.º 089 (2016-07-21)
13,1,71,2016-05-21,2016-05-21,2016-07-05 / 11:00,DAR I Série n.º 089 (2016-07-21)
13,1,72,2016-05-27,2016-05-27,2016-07-05 / 11:30,DAR I Série n.º 089 (2016-07-21)
13,1,73,2016-05-28,2016-05-28,2016-07-05 / 15:30,DAR I Série n.º 089 (2016-07-21)
13,1,74,2016-06-02,2016-06-02,2016-07-08 / 18:00,DAR I Série n.º 089 (2016-07-21)
13,1,75,2016-06-03,2016-06-03,2016-07-08 / 18:00,DAR I Série n.º 089 (2016-07-21)
13,1,76,2016-06-09,2016-06-09,2016-07-08 / 18:00,DAR I Série n.º 089 (2016-07-21)
13,1,77,2016-06-11,2016-06-11,2016-07-08 / 18:00,DAR I Série n.º 089 (2016-07-21)
13,1,78,2016-06-16,2016-06-16,2016-07-08 / 18:00,DAR I Série n.º 089 (2016-07-21)
13,1,79,2016-06-17,2016-06-17,2016-07-08 / 18:00,DAR I Série n.º 089 (2016-07-21)
13,1,80,2016-06-18,2016-06-18,2016-07-08 / 18:00,DAR I Série n.º 089 (2016-07-21)
13,1,81,2016-06-23,2016-06-23,2016-07-08 / 18:00,DAR I Série n.º 089 (2016-07-21)
13,1,82,2016-06-24,2016-06-24,2016-07-13 / 17:30,DAR I Série n.º 089 (2016-07-21)
13,1,83,2016-06-25,2016-06-25,2016-07-13 / 17:30,DAR I Série n.º 089 (2016-07-21)
13,1,84,2016-06-30,2016-06-30,2016-07-13 / 17:30,DAR I Série n.º 089 (2016-07-21)
13,1,85,2016-07-01,2016-07-01,2016-07-15 / 17:30,DAR I Série n.º 089 (2016-07-21)
13,1,86,2016-07-02,2016-07-02,2016-07-25 / 17:30,DAR I Série n.º 013 (2016-10-15)
13,1,87,2016-07-07,2016-07-07,2016-07-25 / 17:30,DAR I Série n.º 013 (2016-10-15)
13,1,88,2016-07-08,2016-07-08,2016-07-28 / 12:00,DAR I Série n.º 013 (2016-10-15)
13,1,89,2016-07-21,2016-07-21,2016-08-01 / 10:00,DAR I Série n.º 013 (2016-10-15)
13,1,90,2016-09-09,2016-09-09,2016-09-29 / 17:00,DAR I Série n.º 013 (2016-10-15)
13,2,1,2016-09-16,2016-09-16,2016-10-03 / 17:30,DAR I Série n.º 018 (2016-10-28)
13,2,2,2016-09-17,2016-09-17,2016-10-04 / 15:00,DAR I Série n.º 018 (2016-10-28)
13,2,3,2016-09-22,2016-09-22,2016-10-04 / 15:00,DAR I Série n.º 018 (2016-10-28)
13,2,4,2016-09-23,2016-09-23,2016-10-07 / 17:00,DAR I Série n.º 018 (2016-10-28)
13,2,5,2016-09-24,2016-09-24,2016-10-14 / 10:30,DAR I Série n.º 018 (2016-10-28)
13,2,6,2016-09-29,2016-09-29,2016-10-18 / 12:30,DAR I Série n.º 018 (2016-10-28)
13,2,7,2016-09-30,2016-09-30,2016-10-20 / 10:00,DAR I Série n.º 018 (2016-10-28)
13,2,8,2016-10-01,2016-10-01,2016-10-21 / 16:00,DAR I Série n.º 018 (2016-10-28)
13,2,9,2016-10-07,2016-10-07,2016-10-25 / 17:30,DAR I Série n.º 030 (2016-12-17)
13,2,10,2016-10-08,2016-10-08,2016-10-28 / 11:00,DAR I Série n.º 030 (2016-12-17)
13,2,11,2016-10-13,2016-10-13,2016-11-07 / 12:00,DAR I Série n.º 030 (2016-12-17)
13,2,12,2016-10-14,2016-10-14,2016-11-07 / 12:00,DAR I Série n.º 030 (2016-12-17)
13,2,13,2016-10-15,2016-10-15,2016-11-09 / 17:00,DAR I Série n.º 030 (2016-12-17)
13,2,14,2016-10-20,2016-10-20,2016-11-11 / 10:00,DAR I Série n.º 030 (2016-12-17)
13,2,15,2016-10-21,2016-10-21,2016-11-15 / 16:30,DAR I Série n.º 030 (2016-12-17)
13,2,16,2016-10-22,2016-10-22,2016-11-18 / 10:30,DAR I Série n.º 030 (2016-12-17)
13,2,17,2016-10-27,2016-10-27,2016-11-24 / 16:00,DAR I Série n.º 030 (2016-12-17)
13,2,18,2016-10-28,2016-10-28,2016-12-02 / 17:30,DAR I Série n.º 030 (2016-12-17)
13,2,19,2016-11-04,2016-11-04,2016-12-07 / 16:00,DAR I Série n.º 044 (2017-01-28)
13,2,20,2016-11-05,2016-11-05,2016-12-07 / 16:00,DAR I Série n.º 044 (2017-01-28)
13,2,21,2016-11-25,2016-11-25,2016-12-22 / 16:00,DAR I Série n.º 044 (2017-01-28)
13,2,22,2016-11-26,2016-11-26,2016-12-22 / 16:00,DAR I Série n.º 044 (2017-01-28)
13,2,23,2016-11-29,2016-11-29,2017-01-06 / 16:00,DAR I Série n.º 044 (2017-01-28)
13,2,24,2016-11-30,2016-11-30,2017-01-06 / 16:30,DAR I Série n.º 044 (2017-01-28)
13,2,25,2016-12-02,2016-12-02,2017-01-06 / 17:00,DAR I Série n.º 044 (2017-01-28)
13,2,26,2016-12-07,2016-12-07,2017-01-06 / 17:00,DAR I Série n.º 044 (2017-01-28)
13,2,27,2016-12-09,2016-12-09,2017-01-16 / 13:00,DAR I Série n.º 044 (2017-01-28)
13,2,28,2016-12-15,2016-12-15,2017-01-16 / 17:00,DAR I Série n.º 044 (2017-01-28)
13,2,29,2016-12-16,2016-12-16,2017-01-17 / 13:00,DAR I Série n.º 044 (2017-01-28)
13,2,30,2016-12-17,2016-12-17,2017-01-17 / 13:00,DAR I Série n.º 044 (2017-01-28)
13,2,31,2016-12-22,2016-12-22,2017-01-17 / 13:00,DAR I Série n.º 044 (2017-01-28)
13,2,32,2016-12-23,2016-12-23,2017-01-17 / 13:00,DAR I Série n.º 044 (2017-01-28)
13,2,33,2016-12-24,2016-12-24,2017-01-17 / 13:00,DAR I Série n.º 044 (2017-01-28)
13,2,34,2017-01-06,2017-01-06,2017-01-26 / 16:00,DAR I Série n.º 056 (2017-02-25)
13,2,35,2017-01-07,2017-01-07,2017-01-26 / 16:00,DAR I Série n.º 056 (2017-02-25)
13,2,36,2017-01-12,2017-01-12,2017-01-26 / 18:00,DAR I Série n.º 056 (2017-02-25)
13,2,37,2017-01-13,2017-01-13,2017-01-31 / 12:00,DAR I Série n.º 056 (2017-02-25)
13,2,38,2017-01-14,2017-01-14,2017-02-01 / 15:30,DAR I Série n.º 056 (2017-02-25)
13,2,39,2017-01-18,2017-01-18,2017-02-01 / 18:00,DAR I Série n.º 056 (2017-02-25)
13,2,40,2017-01-19,2017-01-19,2017-02-02 / 11:00,DAR I Série n.º 056 (2017-02-25)
13,2,41,2017-01-20,2017-01-20,2017-02-03 / 11:00,DAR I Série n.º 056 (2017-02-25)
13,2,42,2017-01-26,2017-01-26,2017-02-10 / 15:00,DAR I Série n.º 056 (2017-02-25)
13,2,43,2017-01-27,2017-01-27,2017-02-10 / 16:30,DAR I Série n.º 056 (2017-02-25)
13,2,44,2017-01-28,2017-01-28,2017-02-13 / 16:30,DAR I Série n.º 056 (2017-02-25)
13,2,45,2017-02-02,2017-02-02,2017-02-15 / 16:00,DAR I Série n.º 068 (2017-03-25)
13,2,46,2017-02-03,2017-02-03,2017-02-17 / 17:00,DAR I Série n.º 068 (2017-03-25)
13,2,47,2017-02-04,2017-02-04,2017-02-22 / 16:00,DAR I Série n.º 068 (2017-03-25)
13,2,48,2017-02-09,2017-02-09,2017-02-23 / 12:30,DAR I Série n.º 068 (2017-03-25)
13,2,49,2017-02-10,2017-02-10,2017-02-23 / 16:30,DAR I Série n.º 068 (2017-03-25)
13,2,50,2017-02-11,2017-02-11,2017-02-24 / 16:00,DAR I Série n.º 068 (2017-03-25)
13,2,51,2017-02-16,2017-02-16,2017-03-03 / 11:00,DAR I Série n.º 068 (2017-03-25)
13,2,52,2017-02-17,2017-02-17,2017-03-03 / 11:00,DAR I Série n.º 068 (2017-03-25)
13,2,53,2017-02-18,2017-02-18,2017-03-03 / 17:30,DAR I Série n.º 068 (2017-03-25)
13,2,54,2017-02-23,2017-02-23,2017-03-14 / 12:00,DAR I Série n.º 068 (2017-03-25)
13,2,55,2017-02-24,2017-02-24,2017-03-14 / 12:00,DAR I Série n.º 068 (2017-03-25)
13,2,56,2017-02-25,2017-02-25,2017-03-16 / 16:30,DAR I Série n.º 068 (2017-03-25)
13,2,57,2017-03-02,2017-03-02,2017-03-16 / 16:30,DAR I Série n.º 084 (2017-05-06)
13,2,58,2017-03-03,2017-03-03,2017-03-17 / 10:30,DAR I Série n.º 084 (2017-05-06)
13,2,59,2017-03-04,2017-03-04,2017-03-21 / 11:30,DAR I Série n.º 084 (2017-05-06)
13,2,60,2017-03-09,2017-03-09,2017-03-20 / 16:00,DAR I Série n.º 084 (2017-05-06)
13,2,61,2017-03-10,2017-03-10,2017-03-21 / 17:00,DAR I Série n.º 084 (2017-05-06)
13,2,62,2017-03-11,2017-03-11,2017-03-29 / 18:30,DAR I Série n.º 084 (2017-05-06)
13,2,63,2017-03-16,2017-03-16,2017-03-31 / 11:00,DAR I Série n.º 084 (2017-05-06)
13,2,64,2017-03-17,2017-03-17,2017-03-31 / 17:00,DAR I Série n.º 084 (2017-05-06)
13,2,65,2017-03-18,2017-03-18,2017-04-04 / 12:00,DAR I Série n.º 084 (2017-05-06)
13,2,66,2017-03-23,2017-03-23,2017-04-04 / 19:00,DAR I Série n.º 084 (2017-05-06)
13,2,67,2017-03-24,2017-03-24,2017-04-07 / 17:30,DAR I Série n.º 084 (2017-05-06)
13,2,68,2017-03-25,2017-03-25,2017-04-21 / 18:30,DAR I Série n.º 084 (2017-05-06)
13,2,69,2017-03-30,2017-03-30,2017-04-12 / 18:00,DAR I Série n.º 084 (2017-05-06)
13,2,70,2017-03-31,2017-03-31,2017-04-20 / 16:30,DAR I Série n.º 084 (2017-05-06)
13,2,71,2017-04-01,2017-04-01,2017-04-27 / 14:00,DAR I Série n.º 084 (2017-05-06)
13,2,72,2017-04-06,2017-04-06,2017-04-26 / 19:00,DAR I Série n.º 093 (2017-06-02)
13,2,73,2017-04-07,2017-04-07,2017-04-27 / 18:00,DAR I Série n.º 093 (2017-06-02)
13,2,74,2017-04-08,2017-04-08,2017-05-03 / 17:30,DAR I Série n.º 093 (2017-06-02)
13,2,75,2017-04-13,2017-04-13,2017-05-04 / 13:00,DAR I Série n.º 093 (2017-06-02)
13,2,76,2017-04-14,2017-04-14,2017-05-10 / 12:00,DAR I Série n.º 093 (2017-06-02)
13,2,77,2017-04-20,2017-04-20,2017-05-11 / 12:30,DAR I Série n.º 093 (2017-06-02)
13,2,78,2017-04-21,2017-04-21,2017-05-19 / 18:30,DAR I Série n.º 093 (2017-06-02)
13,2,79,2017-04-22,2017-04-22,2017-05-19 / 18:30,DAR I Série n.º 093 (2017-06-02)
13,2,80,2017-04-26,2017-04-26,2017-05-17 / 11:00,DAR I Série n.º 093 (2017-06-02)
13,2,81,2017-04-27,2017-04-27,2017-05-17 / 12:00,DAR I Série n.º 093 (2017-06-02)
13,2,82,2017-04-28,2017-04-28,2017-05-18 / 16:30,DAR I Série n.º 093 (2017-06-02)
13,2,83,2017-05-05,2017-05-05,2017-05-23 / 16:30,DAR I Série n.º 104 (2017-07-01)
13,2,84,2017-05-06,2017-05-06,2017-05-23 / 16:30,DAR I Série n.º 104 (2017-07-01)
13,2,85,2017-05-10,2017-05-10,2017-05-23 / 16:30,DAR I Série n.º 104 (2017-07-01)
13,2,86,2017-05-11,2017-05-11,2017-05-26 / 12:00,DAR I Série n.º 104 (2017-07-01)
13,2,87,2017-05-12,2017-05-12,2017-06-05 / 18:30,DAR I Série n.º 104 (2017-07-01)
13,2,88,2017-05-18,2017-05-18,2017-06-06 / 16:00,DAR I Série n.º 104 (2017-07-01)
13,2,89,2017-05-19,2017-05-19,2017-06-06 / 16:00,DAR I Série n.º 104 (2017-07-01)
13,2,90,2017-05-20,2017-05-20,2017-06-09 / 16:30,DAR I Série n.º 104 (2017-07-01)
13,2,91,2017-05-24,2017-05-24,2017-06-16 / 18:30,DAR I Série n.º 104 (2017-07-01)
13,2,92,2017-05-25,2017-05-25,2017-06-16 / 18:30,DAR I Série n.º 104 (2017-07-01)
13,2,93,2017-06-02,2017-06-02,2017-06-20 / 17:30,DAR I Série n.º 109 (2017-07-20)
13,2,94,2017-06-08,2017-06-08,2017-06-20 / 17:30,DAR I Série n.º 109 (2017-07-20)
13,2,95,2017-06-09,2017-06-09,2017-06-21 / 12:00,DAR I Série n.º 109 (2017-07-20)
13,2,96,2017-06-12,2017-06-12,2017-06-27 / 12:00,DAR I Série n.º 109 (2017-07-20)
13,2,97,2017-06-14,2017-06-14,2017-06-29 / 12:00,DAR I Série n.º 109 (2017-07-20)
13,2,98,2017-06-16,2017-06-16,2017-07-04 / 17:00,DAR I Série n.º 109 (2017-07-20)
13,2,99,2017-06-22,2017-06-22,2017-07-05 / 11:30,DAR I Série n.º 109 (2017-07-20)
13,2,100,2017-06-23,2017-06-23,2017-07-05 / 11:30,DAR I Série n.º 109 (2017-07-20)
13,2,101,2017-06-24,2017-06-24,2017-07-11 / 18:00,DAR I Série n.º 109 (2017-07-20)
13,2,102,2017-06-29,2017-06-29,2017-07-11 / 18:00,DAR I Série n.º 109 (2017-07-20)
13,2,103,2017-06-30,2017-06-30,2017-07-11 / 18:00,DAR I Série n.º 109 (2017-07-20)
13,2,104,2017-07-01,2017-07-01,2017-07-14 / 17:30,DAR I Série n.º 109 (2017-07-20)
13,2,105,2017-07-06,2017-07-06,2017-07-14 / 17:30,DAR I Série n.º 003 (2017-09-21)
13,2,106,2017-07-07,2017-07-07,2017-07-20 / 10:30,DAR I Série n.º 003 (2017-09-21)
13,2,107,2017-07-08,2017-07-08,2017-07-26 / 10:30,DAR I Série n.º 003 (2017-09-21)
13,2,108,2017-07-13,2017-07-13,2017-07-27 / 16:00,
13,2,109,2017-07-20,2017-07-20,2017-08-04 / 11:30,DAR I Série n.º 003 (2017-09-21)
13,2,110,2017-09-08,2017-09-08,2017-09-13 / 12:30,DAR I Série n.º 003 (2017-09-21)
13,3,1,2017-09-19,2017-09-19,2017-09-26 / 16:00,
13,3,2,2017-09-20,2017-09-20,2017-09-27 / 13:00,
13,3,3,2017-09-21,2017-09-21,2017-10-02 / 13:00,
13,3,4,2017-10-04,2017-10-04,2017-10-09 / 17:00,
13,3,5,2017-10-06,2017-10-06,2017-10-13 / 17:00,
13,3,6,2017-10-12,2017-10-12,2017-10-18 / 12:00,
13,3,7,2017-10-13,2017-10-13,2017-10-19 / 11:00,
13,3,8,2017-10-14,2017-10-14,2017-10-26 / 18:00,
13,3,9,2017-10-19,2017-10-19,2017-10-27 / 11:30,
13,3,10,2017-10-20,2017-10-20,2017-10-27 / 17:30,
13,3,11,2017-10-21,2017-10-21,2017-11-03 / 18:30,
13,3,12,2017-10-25,2017-10-25,2017-11-03 / 18:30,
13,3,13,2017-10-27,2017-10-27,2017-11-08 / 16:00,
13,3,14,2017-10-28,2017-10-28,2017-11-10 / 16:00,
13,3,15,2017-11-03,2017-11-03,2017-11-10 / 17:00,
13,3,16,2017-11-04,2017-11-04,2017-11-15 / 15:30,
13,3,17,2017-11-23,2017-11-23,2017-11-29 / 18:00,
